id;volume;id_deposito;client_account;entidade_account
1;23721;3ed58647-adb8-4dfd-aa97-364a6e884277;firewall;mão Granito encryption
2;75782;25a1921e-5b00-4ff1-9bc3-264b0f2d7885;up;Peru Industrial
3;90841;8f591c21-9f9e-4bc4-906f-f502b55f7f70;1080p madeira IB;Uzbekistan
4;66282;4ca6e098-40d7-4250-8085-d0ef65a20ff6;withdrawal IB Loan;Expanded
5;30135;6be3e4e9-a3e6-4adc-bd0e-5e5068f382c4;Mobility;Assurance Arquipélago FTP
6;26516;f121dcad-c078-443f-81a7-2056c8bfcc3a;Espírito;Pa'anga hierarchy Casa
7;51483;5991fa1a-0f2f-4c36-9ce5-57473e7d0f6c;Amapá;parallelism
8;44403;a3104918-767d-403c-a3a6-907061ba0dfb;solid web-enabled firewall;24/7 Developer eco-centric
9;28579;72986835-9fca-4bf5-8759-f8c018e25ccb;bandwidth-monitored Sapatos;platforms
10;95576;846544fb-e648-43b0-a204-c3c39a4e42d0;Queijo Facilitator;Dynamic
